surface_family,species,stable_fraction_mean,stable_fraction_std,raw_fraction_mean,largest_cc_mean,n_surfaces
native_ensemble,E. coli,0.12129289274507687,0.02226633131580647,0.005302518531360545,0.4190946930280957,8
native_ensemble,P. aeruginosa,0.13601543951528722,0.030301936367851747,0.007356878600296366,0.5211043184183143,8
native_ensemble,S. aureus,0.21831090218835372,0.05518724522030253,0.016642044247696268,0.8809833506763788,8
sharklet_like_positive_control,E. coli,0.7057326195748607,0.0,0.05248271371910367,0.8834547346514048,1
sharklet_like_positive_control,P. aeruginosa,0.8639210822923874,0.0,0.06849926773985711,0.9484911550468262,1
sharklet_like_positive_control,S. aureus,0.7912348035595181,0.0,0.06001201669459652,1.0,1
smooth_control,E. coli,0.9993438130411455,0.0,0.15866199856371568,1.0,1
smooth_control,P. aeruginosa,0.9999546649407118,0.0,0.20263931702429813,1.0,1
smooth_control,S. aureus,0.9847861490116439,0.0,0.1067016640914426,1.0,1
